Customer_ID,Date,Region,Product_Category,Quantity,Unit_Price,Cost,Revenue
C055,2015-01-02,East,Furniture,47,13400.0,507125.62,629800.0
C117,2015-01-03,West,Clothing,12,900.0,7392.91,10800.0
C084,2015-01-07,North,Electronics,16,12700.0,146586.54,203200.0
C087,2015-01-09,East,Electronics,24,1400.0,24378.97,33600.0
C195,2015-01-14,East,Electronics,19,25700.0,384257.54,488300.0
C098,2015-01-15,West,Electronics,8,13000.0,64136.03,104000.0
C072,2015-01-23,North,Office Supplies,31,250.0,5863.4,7750.0
C193,2015-01-25,North,Electronics,21,9300.0,133780.96,195300.0
C108,2015-01-27,East,Office Supplies,17,300.0,3966.21,5100.0
C065,2015-01-30,South,Office Supplies,23,300.0,5842.17,6900.0
C021,2015-02-02,East,Electronics,37,24000.0,506362.34,888000.0
C121,2015-02-08,East,Electronics,16,29700.0,403029.96,475200.0
C005,2015-02-09,East,Furniture,6,3500.0,11160.12,21000.0
C192,2015-02-17,East,Clothing,8,1300.0,5208.44,10400.0
C139,2015-03-02,West,Electronics,25,4700.0,60566.16,117500.0
C014,2015-03-21,North,Furniture,18,5500.0,61342.76,99000.0
C090,2015-03-22,West,Furniture,25,13300.0,239904.47,332500.0
C058,2015-03-28,West,Clothing,12,1400.0,8805.89,16800.0
C167,2015-04-07,West,Office Supplies,15,100.0,752.97,1500.0
C018,2015-04-11,East,Electronics,26,26700.0,574785.01,694200.0
C200,2015-04-12,South,Clothing,41,1000.0,32294.65,41000.0
C167,2015-04-13,North,Electronics,45,18900.0,666123.6,850500.0
C011,2015-04-19,South,Furniture,26,7400.0,155757.13,192400.0
C194,2015-04-21,West,Furniture,47,2500.0,87538.91,117500.0
C008,2015-04-22,West,Office Supplies,32,150.0,2575.4,4800.0
C064,2015-04-24,South,Furniture,10,10500.0,67166.93,105000.0
C052,2015-04-29,South,Furniture,16,7900.0,95192.13,126400.0
C006,2015-05-03,South,Clothing,7,600.0,2512.09,4200.0
C160,2015-05-09,West,Electronics,17,25300.0,318528.72,430100.0
C040,2015-05-11,West,Electronics,23,2100.0,24564.15,48300.0
C062,2015-05-12,North,Clothing,26,1600.0,25257.36,41600.0
C033,2015-05-28,North,Office Supplies,21,50.0,726.81,1050.0
C122,2015-06-06,West,Electronics,22,5100.0,80922.17,112200.0
C172,2015-06-08,South,Furniture,7,10100.0,49628.87,70700.0
C030,2015-06-12,South,Electronics,14,16700.0,173997.4,233800.0
C145,2015-06-13,North,Furniture,15,8600.0,64774.91,129000.0
C056,2015-06-21,West,Office Supplies,7,350.0,1311.56,2450.0
C120,2015-06-27,North,Clothing,9,2100.0,15198.07,18900.0
C180,2015-06-30,North,Electronics,48,2300.0,81542.77,110400.0
C066,2015-07-01,East,Clothing,8,1000.0,4316.21,8000.0
C197,2015-07-07,East,Electronics,23,17200.0,314393.63,395600.0
C095,2015-07-09,East,Furniture,29,8500.0,144148.5,246500.0
C043,2015-07-12,South,Clothing,18,300.0,3603.91,5400.0
C156,2015-07-25,West,Electronics,31,21500.0,367120.72,666500.0
C156,2015-07-25,West,Furniture,30,3900.0,87579.01,117000.0
C192,2015-07-25,West,Clothing,39,1900.0,54344.87,74100.0
C184,2015-07-27,West,Clothing,35,1100.0,22094.74,38500.0
C030,2015-07-28,East,Electronics,18,3400.0,49094.04,61200.0
C200,2015-08-10,South,Electronics,42,29000.0,780076.76,1218000.0
C042,2015-08-18,South,Electronics,39,26200.0,615512.17,1021800.0
C080,2015-08-21,East,Furniture,17,7300.0,68666.44,124100.0
C028,2015-08-23,South,Electronics,14,29800.0,247465.85,417200.0
C149,2015-08-26,East,Clothing,31,500.0,7869.5,15500.0
C007,2015-08-28,West,Clothing,24,1500.0,25349.04,36000.0
C080,2015-08-29,East,Electronics,35,11900.0,331026.19,416500.0
C148,2015-08-30,West,Electronics,44,24700.0,752221.18,1086800.0
C174,2015-09-06,West,Office Supplies,45,200.0,5190.71,9000.0
C097,2015-09-07,North,Clothing,34,400.0,6960.27,13600.0
C102,2015-09-13,East,Furniture,3,4400.0,7591.58,13200.0
C184,2015-09-18,North,Office Supplies,37,250.0,5972.19,9250.0
C051,2015-09-20,East,Electronics,43,3400.0,111969.32,146200.0
C020,2015-09-21,East,Electronics,40,8800.0,199142.24,352000.0
C152,2015-09-29,North,Clothing,26,500.0,9775.05,13000.0
C177,2015-10-04,North,Electronics,23,18200.0,336314.42,418600.0
C161,2015-10-06,East,Furniture,44,3100.0,89871.42,136400.0
C063,2015-10-08,South,Clothing,39,1400.0,42997.57,54600.0
C027,2015-10-09,West,Electronics,15,4000.0,41647.8,60000.0
C179,2015-10-11,North,Clothing,49,1500.0,53139.16,73500.0
C198,2015-10-12,West,Electronics,4,2900.0,7936.69,11600.0
C078,2015-10-12,South,Electronics,29,15500.0,297618.65,449500.0
C176,2015-10-14,South,Electronics,22,16900.0,216435.45,371800.0
C154,2015-10-18,South,Furniture,25,11200.0,169713.02,280000.0
C031,2015-10-18,North,Furniture,13,6200.0,48480.06,80600.0
C145,2015-10-20,South,Clothing,18,300.0,3764.62,5400.0
C011,2015-10-25,North,Electronics,33,6900.0,123409.71,227700.0
C089,2015-10-26,South,Electronics,16,16000.0,210144.54,256000.0
C137,2015-10-28,West,Furniture,45,5000.0,169251.59,225000.0
C110,2015-11-05,West,Electronics,42,1400.0,37661.75,58800.0
C170,2015-11-05,East,Furniture,44,2900.0,70884.15,127600.0
C095,2015-11-14,West,Electronics,2,13900.0,22481.78,27800.0
C018,2015-11-19,East,Clothing,35,1200.0,33109.54,42000.0
C130,2015-11-19,West,Electronics,42,18700.0,591094.04,785400.0
C166,2015-11-23,North,Electronics,34,26200.0,530062.94,890800.0
C088,2015-11-25,West,Office Supplies,30,400.0,7690.28,12000.0
C004,2015-11-27,East,Furniture,13,10200.0,71068.55,132600.0
C108,2015-12-02,East,Electronics,13,10800.0,79489.4,140400.0
C126,2015-12-10,South,Electronics,18,15800.0,220141.48,284400.0
C028,2015-12-14,North,Office Supplies,32,450.0,10803.8,14400.0
C111,2015-12-17,West,Office Supplies,32,150.0,3397.06,4800.0
C093,2015-12-23,South,Furniture,35,2600.0,74028.9,91000.0
C163,2016-01-08,West,Office Supplies,39,50.0,1373.08,1950.0
C118,2016-01-14,West,Clothing,46,500.0,15259.09,23000.0
C182,2016-01-15,South,Office Supplies,29,200.0,3590.95,5800.0
C040,2016-01-18,South,Clothing,49,800.0,32502.95,39200.0
C112,2016-01-18,South,Furniture,29,5900.0,90503.42,171100.0
C046,2016-01-19,South,Furniture,44,3600.0,130808.4,158400.0
C188,2016-01-22,South,Furniture,16,12000.0,151555.23,192000.0
C134,2016-02-01,West,Furniture,44,12200.0,292811.23,536800.0
C167,2016-02-02,South,Furniture,47,14300.0,468954.1,672100.0
C070,2016-02-06,North,Clothing,10,2100.0,16869.13,21000.0
C158,2016-02-08,East,Clothing,30,2100.0,44108.39,63000.0
C138,2016-02-14,South,Furniture,25,14300.0,292263.38,357500.0
C199,2016-02-18,South,Office Supplies,39,300.0,9711.52,11700.0
C124,2016-02-23,West,Electronics,20,24000.0,310960.6,480000.0
C120,2016-02-24,South,Furniture,5,8200.0,25914.45,41000.0
C112,2016-02-26,South,Office Supplies,1,250.0,206.93,250.0
C188,2016-02-29,South,Electronics,30,12500.0,276112.13,375000.0
C152,2016-03-11,West,Furniture,49,8100.0,214567.29,396900.0
C069,2016-03-12,South,Furniture,3,2600.0,4015.46,7800.0
C083,2016-03-14,East,Clothing,45,2300.0,72203.69,103500.0
C063,2016-03-18,West,Electronics,14,2300.0,26583.03,32200.0
C023,2016-03-20,East,Electronics,30,23800.0,567977.75,714000.0
C072,2016-03-23,West,Office Supplies,4,300.0,883.86,1200.0
C116,2016-03-25,South,Clothing,18,600.0,5925.86,10800.0
C063,2016-04-01,East,Clothing,37,2400.0,52301.51,88800.0
C193,2016-04-01,West,Clothing,25,300.0,6048.22,7500.0
C119,2016-04-03,North,Clothing,48,2200.0,59556.56,105600.0
C146,2016-04-03,South,Electronics,1,25500.0,15235.07,25500.0
C157,2016-04-14,West,Electronics,46,23900.0,599569.03,1099400.0
C172,2016-04-17,North,Furniture,15,9800.0,108285.77,147000.0
C098,2016-04-17,West,Furniture,9,7700.0,57546.29,69300.0
C087,2016-04-18,North,Clothing,15,800.0,7129.67,12000.0
C008,2016-05-06,South,Clothing,49,600.0,19591.93,29400.0
C127,2016-05-10,East,Clothing,24,200.0,3465.69,4800.0
C084,2016-05-12,North,Furniture,4,3200.0,10877.61,12800.0
C047,2016-05-25,West,Office Supplies,12,250.0,1610.05,3000.0
C125,2016-05-26,South,Office Supplies,37,100.0,2495.65,3700.0
C055,2016-05-30,North,Furniture,37,10100.0,237221.79,373700.0
C091,2016-06-05,West,Furniture,43,7100.0,245167.21,305300.0
C067,2016-06-06,West,Furniture,6,13600.0,54393.64,81600.0
C088,2016-06-06,West,Furniture,39,4500.0,94566.79,175500.0
C072,2016-06-09,North,Furniture,46,5300.0,176035.41,243800.0
C153,2016-06-19,North,Furniture,24,7100.0,131169.36,170400.0
C180,2016-06-20,North,Clothing,11,1700.0,9368.86,18700.0
C071,2016-06-25,East,Clothing,13,1900.0,19775.68,24700.0
C143,2016-06-26,North,Clothing,34,900.0,17292.31,30600.0
C003,2016-06-30,North,Clothing,25,400.0,6932.24,10000.0
C133,2016-07-04,North,Furniture,7,6100.0,27564.09,42700.0
C049,2016-07-09,East,Office Supplies,4,250.0,751.88,1000.0
C022,2016-07-20,North,Electronics,8,5100.0,25700.19,40800.0
C062,2016-07-20,West,Furniture,20,13200.0,212366.12,264000.0
C185,2016-07-25,North,Electronics,29,11400.0,249825.73,330600.0
C105,2016-07-25,West,Office Supplies,45,50.0,1635.07,2250.0
C126,2016-07-28,West,Clothing,46,1000.0,35819.47,46000.0
C143,2016-08-08,West,Office Supplies,10,450.0,3437.59,4500.0
C195,2016-08-26,East,Furniture,43,14800.0,326204.98,636400.0
C062,2016-08-27,East,Clothing,34,300.0,6509.2,10200.0
C177,2016-08-29,East,Furniture,26,7900.0,169615.74,205400.0
C122,2016-09-02,North,Clothing,41,1700.0,37917.04,69700.0
C166,2016-09-09,West,Electronics,49,3800.0,141136.58,186200.0
C183,2016-09-17,East,Electronics,3,10600.0,26747.21,31800.0
C126,2016-09-18,East,Electronics,6,1900.0,5908.27,11400.0
C115,2016-09-18,North,Office Supplies,5,100.0,369.38,500.0
C005,2016-09-25,East,Furniture,5,7700.0,25558.38,38500.0
C024,2016-09-26,North,Office Supplies,47,400.0,13210.97,18800.0
C076,2016-09-28,South,Electronics,23,28600.0,348548.14,657800.0
C057,2016-09-28,East,Furniture,49,4700.0,118616.58,230300.0
C104,2016-10-06,South,Electronics,9,21200.0,139933.36,190800.0
C178,2016-10-08,North,Office Supplies,35,350.0,9654.94,12250.0
C063,2016-10-09,West,Office Supplies,20,100.0,1547.41,2000.0
C079,2016-10-13,East,Office Supplies,49,400.0,13530.51,19600.0
C170,2016-10-14,North,Electronics,42,22300.0,501037.34,936600.0
C149,2016-10-15,West,Furniture,35,9800.0,254099.74,343000.0
C095,2016-10-17,West,Furniture,18,10600.0,111553.34,190800.0
C122,2016-10-23,South,Electronics,17,18200.0,253359.63,309400.0
C142,2016-10-23,North,Furniture,24,8800.0,167564.58,211200.0
C136,2016-10-27,West,Electronics,3,9600.0,21550.58,28800.0
C089,2016-10-28,East,Furniture,32,12000.0,319524.9,384000.0
C109,2016-10-31,East,Clothing,35,900.0,16096.43,31500.0
C191,2016-11-05,South,Clothing,38,1400.0,40308.05,53200.0
C141,2016-11-07,West,Office Supplies,13,400.0,3201.04,5200.0
C085,2016-11-07,North,Clothing,47,2400.0,92171.48,112800.0
C091,2016-11-12,East,Clothing,25,1200.0,17800.09,30000.0
C180,2016-11-26,West,Clothing,9,200.0,1356.66,1800.0
C117,2016-12-01,West,Electronics,4,11800.0,38098.73,47200.0
C070,2016-12-13,South,Clothing,14,2000.0,14408.24,28000.0
C079,2016-12-21,East,Clothing,37,400.0,9459.81,14800.0
C065,2016-12-26,East,Office Supplies,34,400.0,10428.59,13600.0
C060,2017-01-01,North,Clothing,11,1800.0,13052.59,19800.0
C031,2017-01-01,East,Clothing,41,600.0,14601.05,24600.0
C185,2017-01-04,North,Furniture,3,4000.0,6923.18,12000.0
C050,2017-01-14,East,Office Supplies,28,400.0,6115.55,11200.0
C081,2017-01-21,South,Office Supplies,29,200.0,4639.97,5800.0
C031,2017-01-31,East,Office Supplies,9,200.0,1262.47,1800.0
C191,2017-02-16,North,Office Supplies,3,150.0,237.03,450.0
C138,2017-02-17,North,Office Supplies,25,350.0,5546.65,8750.0
C196,2017-02-18,South,Office Supplies,34,150.0,3206.4,5100.0
C177,2017-02-18,East,Electronics,12,3700.0,25024.23,44400.0
C048,2017-02-23,East,Clothing,42,2000.0,54803.92,84000.0
C050,2017-02-24,South,Office Supplies,9,250.0,1386.53,2250.0
C056,2017-02-26,East,Clothing,15,600.0,5576.68,9000.0
C190,2017-03-02,East,Clothing,40,2300.0,69796.66,92000.0
C124,2017-03-07,North,Electronics,25,1700.0,24571.04,42500.0
C071,2017-03-18,East,Office Supplies,5,300.0,1086.98,1500.0
C186,2017-03-25,East,Furniture,11,13000.0,100061.01,143000.0
C151,2017-03-25,South,Electronics,34,22900.0,544110.89,778600.0
C195,2017-03-26,South,Furniture,24,10000.0,175692.62,240000.0
C135,2017-03-28,West,Clothing,15,900.0,9341.11,13500.0
C153,2017-04-03,North,Clothing,38,900.0,27624.68,34200.0
C073,2017-04-13,East,Electronics,8,5800.0,34171.42,46400.0
C026,2017-04-16,East,Electronics,5,8700.0,30077.52,43500.0
C050,2017-04-27,West,Furniture,48,12400.0,470456.25,595200.0
C076,2017-05-08,East,Office Supplies,26,450.0,8332.17,11700.0
C059,2017-05-10,North,Furniture,18,14100.0,152762.34,253800.0
C093,2017-05-10,West,Electronics,6,12800.0,43966.71,76800.0
C046,2017-05-12,North,Furniture,37,13300.0,272286.18,492100.0
C078,2017-05-14,West,Electronics,48,27500.0,1075548.31,1320000.0
C004,2017-05-17,West,Furniture,13,11000.0,107042.28,143000.0
C182,2017-05-20,South,Electronics,28,26700.0,619074.44,747600.0
C137,2017-05-23,North,Electronics,5,27800.0,98850.15,139000.0
C033,2017-05-25,East,Electronics,13,19000.0,164425.51,247000.0
C071,2017-05-25,East,Office Supplies,17,100.0,885.53,1700.0
C012,2017-05-26,North,Furniture,40,3000.0,88208.98,120000.0
C014,2017-05-27,East,Furniture,45,2900.0,91842.39,130500.0
C142,2017-05-31,East,Furniture,32,3400.0,92107.15,108800.0
C075,2017-06-10,North,Electronics,29,28200.0,477354.42,817800.0
C179,2017-06-14,West,Furniture,3,7800.0,16046.74,23400.0
C033,2017-06-15,North,Furniture,40,9700.0,282400.01,388000.0
C164,2017-06-17,West,Electronics,34,13300.0,328119.45,452200.0
C193,2017-06-17,East,Clothing,40,1900.0,52930.41,76000.0
C126,2017-06-18,East,Electronics,27,28700.0,598164.53,774900.0
C027,2017-06-21,East,Furniture,13,5100.0,37906.59,66300.0
C004,2017-06-21,South,Electronics,45,18300.0,620893.9,823500.0
C147,2017-06-22,West,Clothing,33,1800.0,42584.28,59400.0
C073,2017-06-30,South,Electronics,6,13100.0,63951.03,78600.0
C121,2017-07-02,South,Furniture,24,5100.0,97493.81,122400.0
C123,2017-07-03,North,Clothing,19,2400.0,27829.75,45600.0
C113,2017-07-09,South,Office Supplies,16,350.0,3341.43,5600.0
C088,2017-07-09,North,Furniture,40,3100.0,104603.75,124000.0
C048,2017-07-21,North,Clothing,28,1000.0,19167.2,28000.0
C014,2017-07-22,South,Clothing,33,1600.0,43150.66,52800.0
C065,2017-07-26,West,Office Supplies,48,100.0,2675.32,4800.0
C123,2017-07-27,West,Electronics,41,15800.0,469646.33,647800.0
C030,2017-07-31,West,Electronics,13,15800.0,160920.85,205400.0
C017,2017-08-05,West,Furniture,43,14500.0,518495.33,623500.0
C103,2017-08-10,West,Office Supplies,45,400.0,11125.24,18000.0
C126,2017-08-11,South,Electronics,25,24700.0,465436.56,617500.0
C019,2017-08-18,South,Office Supplies,42,350.0,10122.19,14700.0
C148,2017-08-20,East,Electronics,36,16000.0,300222.79,576000.0
C162,2017-08-21,West,Clothing,27,1300.0,26026.65,35100.0
C176,2017-08-26,South,Electronics,38,23300.0,656554.02,885400.0
C014,2017-08-27,East,Office Supplies,7,300.0,1734.0,2100.0
C039,2017-09-01,West,Clothing,5,2300.0,7751.68,11500.0
C039,2017-09-04,North,Clothing,43,1200.0,29958.33,51600.0
C145,2017-09-06,East,Clothing,45,2300.0,53364.32,103500.0
C078,2017-09-07,South,Office Supplies,31,100.0,2000.97,3100.0
C022,2017-09-13,North,Furniture,23,2100.0,29253.9,48300.0
C064,2017-09-22,North,Furniture,42,4800.0,154502.39,201600.0
C031,2017-09-26,North,Furniture,10,4600.0,28703.71,46000.0
C143,2017-09-27,East,Office Supplies,32,100.0,2662.96,3200.0
C196,2017-09-29,South,Clothing,43,1600.0,57572.43,68800.0
C107,2017-09-29,North,Furniture,30,10700.0,230259.08,321000.0
C156,2017-09-30,West,Office Supplies,39,300.0,9652.86,11700.0
C153,2017-10-05,North,Furniture,31,11600.0,275561.13,359600.0
C159,2017-10-07,North,Electronics,18,19300.0,240192.66,347400.0
C058,2017-10-09,East,Furniture,36,2200.0,44598.14,79200.0
C199,2017-10-12,East,Furniture,2,13700.0,18097.95,27400.0
C134,2017-10-13,South,Clothing,14,2000.0,19496.57,28000.0
C098,2017-10-15,West,Office Supplies,13,350.0,3650.86,4550.0
C116,2017-10-17,East,Clothing,29,800.0,15508.43,23200.0
C114,2017-10-19,North,Clothing,12,1300.0,12701.3,15600.0
C077,2017-10-20,South,Clothing,39,1600.0,45927.78,62400.0
C151,2017-10-25,North,Clothing,2,600.0,657.54,1200.0
C110,2017-10-26,North,Clothing,32,1600.0,43430.07,51200.0
C079,2017-11-09,East,Furniture,13,12500.0,111236.36,162500.0
C146,2017-11-27,South,Clothing,46,1700.0,49825.16,78200.0
C159,2017-12-01,West,Clothing,27,900.0,17755.76,24300.0
C016,2017-12-04,West,Office Supplies,49,50.0,1318.38,2450.0
C157,2017-12-05,East,Electronics,41,27000.0,800126.9,1107000.0
C190,2017-12-08,East,Furniture,17,2200.0,25221.91,37400.0
C026,2017-12-12,South,Furniture,40,12300.0,316029.27,492000.0
C196,2017-12-14,West,Furniture,31,8300.0,214474.22,257300.0
C054,2017-12-17,West,Clothing,34,1100.0,25540.04,37400.0
C161,2017-12-19,West,Clothing,24,300.0,4152.18,7200.0
C055,2017-12-19,North,Clothing,45,1200.0,35674.41,54000.0
C068,2017-12-20,West,Office Supplies,35,450.0,12943.12,15750.0
C170,2017-12-21,North,Electronics,48,1900.0,51220.97,91200.0
C021,2017-12-22,South,Clothing,6,2200.0,7588.48,13200.0
C041,2017-12-22,North,Electronics,19,24000.0,230079.52,456000.0
C062,2017-12-23,South,Office Supplies,30,100.0,1514.9,3000.0
C045,2017-12-23,West,Furniture,7,13100.0,72469.32,91700.0
C142,2017-12-28,West,Clothing,10,1400.0,10587.4,14000.0
C020,2017-12-28,South,Electronics,41,9500.0,243150.97,389500.0
C041,2017-12-29,East,Electronics,32,24300.0,578852.36,777600.0
C001,2018-01-01,South,Clothing,34,2300.0,49916.79,78200.0
C105,2018-01-10,East,Furniture,28,3100.0,72349.0,86800.0
C116,2018-01-17,North,Furniture,15,3300.0,41504.19,49500.0
C177,2018-01-20,North,Furniture,30,14000.0,267740.69,420000.0
C153,2018-01-22,North,Office Supplies,37,100.0,2956.22,3700.0
C121,2018-01-29,West,Electronics,29,2900.0,64805.88,84100.0
C075,2018-01-31,North,Electronics,22,8400.0,112450.8,184800.0
C009,2018-02-07,East,Electronics,4,25200.0,58586.37,100800.0
C060,2018-02-09,North,Office Supplies,20,350.0,4622.67,7000.0
C074,2018-02-12,South,Electronics,32,7900.0,195533.75,252800.0
C181,2018-02-12,South,Office Supplies,36,400.0,12039.25,14400.0
C073,2018-02-13,West,Furniture,4,12000.0,36828.13,48000.0
C180,2018-02-14,South,Clothing,27,500.0,10790.85,13500.0
C117,2018-02-14,East,Electronics,17,12000.0,145058.79,204000.0
C019,2018-02-15,North,Electronics,12,14100.0,134072.85,169200.0
C176,2018-02-17,West,Furniture,22,3900.0,66456.16,85800.0
C060,2018-02-28,North,Clothing,17,1100.0,11817.37,18700.0
C068,2018-03-08,North,Office Supplies,10,400.0,2772.79,4000.0
C161,2018-03-13,East,Clothing,1,2300.0,1797.83,2300.0
C151,2018-03-14,South,Furniture,22,5600.0,63585.97,123200.0
C170,2018-03-16,South,Furniture,26,7300.0,148580.71,189800.0
C051,2018-03-21,North,Clothing,18,900.0,9108.63,16200.0
C109,2018-03-31,West,Office Supplies,14,350.0,3332.68,4900.0
C030,2018-04-15,South,Office Supplies,47,250.0,9199.03,11750.0
C140,2018-04-17,West,Electronics,29,21100.0,360309.59,611900.0
C058,2018-04-26,South,Office Supplies,12,300.0,2109.72,3600.0
C166,2018-04-30,West,Clothing,36,1500.0,34612.25,54000.0
C039,2018-05-07,East,Furniture,35,2300.0,65456.56,80500.0
C069,2018-05-08,West,Electronics,12,19700.0,118236.64,236400.0
C037,2018-05-11,East,Electronics,7,6600.0,37675.36,46200.0
C019,2018-05-13,East,Furniture,29,3900.0,62638.45,113100.0
C016,2018-05-15,West,Office Supplies,11,50.0,465.59,550.0
C043,2018-05-17,East,Furniture,33,13800.0,379893.06,455400.0
C079,2018-05-24,North,Office Supplies,6,350.0,1413.59,2100.0
C153,2018-05-29,East,Furniture,47,2300.0,73448.77,108100.0
C192,2018-06-04,South,Clothing,15,1500.0,15042.2,22500.0
C146,2018-06-13,West,Office Supplies,32,150.0,3467.55,4800.0
C074,2018-06-16,North,Clothing,11,600.0,3509.57,6600.0
C113,2018-06-20,West,Electronics,23,19500.0,229370.2,448500.0
C032,2018-06-25,South,Furniture,26,7400.0,100085.72,192400.0
C120,2018-06-30,South,Electronics,34,26300.0,586173.02,894200.0
C177,2018-07-08,South,Electronics,46,3300.0,90539.86,151800.0
C078,2018-07-08,East,Electronics,34,17100.0,417278.83,581400.0
C180,2018-07-09,East,Electronics,29,16700.0,410373.93,484300.0
C104,2018-07-10,West,Furniture,4,10100.0,25662.61,40400.0
C070,2018-07-12,West,Electronics,17,16800.0,200161.17,285600.0
C129,2018-07-16,North,Furniture,35,7900.0,178470.07,276500.0
C139,2018-07-19,North,Furniture,13,6800.0,70414.59,88400.0
C127,2018-07-19,West,Clothing,41,1500.0,50170.64,61500.0
C113,2018-07-23,East,Office Supplies,39,150.0,4721.39,5850.0
C021,2018-08-02,South,Office Supplies,15,300.0,3784.64,4500.0
C154,2018-08-12,West,Furniture,29,12800.0,189175.29,371200.0
C011,2018-08-20,North,Clothing,29,1300.0,29931.37,37700.0
C111,2018-08-21,East,Furniture,11,4900.0,41132.18,53900.0
C189,2018-08-29,West,Furniture,32,7700.0,142922.61,246400.0
C083,2018-09-02,West,Furniture,2,13600.0,22704.17,27200.0
C155,2018-09-06,East,Clothing,47,500.0,12968.76,23500.0
C065,2018-09-14,West,Office Supplies,14,150.0,1549.47,2100.0
C007,2018-09-15,East,Clothing,20,1700.0,19676.19,34000.0
C024,2018-09-17,South,Electronics,22,18200.0,260653.68,400400.0
C059,2018-09-18,East,Clothing,11,500.0,4134.38,5500.0
C173,2018-09-22,East,Clothing,27,2400.0,45176.2,64800.0
C148,2018-09-28,East,Clothing,3,1800.0,3507.98,5400.0
C151,2018-10-04,West,Clothing,17,2400.0,25060.11,40800.0
C006,2018-10-07,West,Office Supplies,44,50.0,1746.54,2200.0
C196,2018-10-08,East,Electronics,28,15500.0,238845.4,434000.0
C173,2018-10-10,West,Office Supplies,29,200.0,3773.11,5800.0
C069,2018-10-16,North,Office Supplies,21,50.0,857.13,1050.0
C148,2018-10-21,North,Clothing,47,1600.0,59862.76,75200.0
C011,2018-10-25,West,Furniture,16,7600.0,77864.08,121600.0
C196,2018-10-25,West,Furniture,37,13700.0,388836.87,506900.0
C194,2018-11-05,East,Office Supplies,20,50.0,788.11,1000.0
C045,2018-11-09,South,Office Supplies,6,50.0,243.33,300.0
C121,2018-11-16,West,Clothing,19,700.0,9184.67,13300.0
C133,2018-11-30,North,Office Supplies,5,200.0,571.56,1000.0
C167,2018-12-03,East,Clothing,3,2100.0,3712.96,6300.0
C114,2018-12-09,West,Furniture,1,6600.0,3983.05,6600.0
C072,2018-12-11,North,Furniture,38,6600.0,177523.98,250800.0
C047,2018-12-19,North,Electronics,15,8700.0,66748.58,130500.0
C150,2018-12-22,South,Furniture,34,14300.0,351335.35,486200.0
C112,2018-12-26,East,Office Supplies,35,350.0,7687.17,12250.0
C163,2019-01-05,East,Furniture,49,10900.0,322241.03,534100.0
C126,2019-01-10,South,Clothing,25,1700.0,34332.51,42500.0
C024,2019-01-21,South,Furniture,24,8800.0,139603.38,211200.0
C121,2019-01-22,East,Electronics,12,7000.0,44794.56,84000.0
C090,2019-01-26,East,Furniture,18,6900.0,98038.68,124200.0
C105,2019-01-31,West,Clothing,15,400.0,3100.05,6000.0
C086,2019-02-02,West,Clothing,44,1400.0,46468.71,61600.0
C083,2019-02-03,South,Office Supplies,16,50.0,616.69,800.0
C172,2019-02-21,West,Furniture,27,11300.0,190202.67,305100.0
C027,2019-02-22,North,Clothing,8,2300.0,14511.63,18400.0
C042,2019-02-25,West,Electronics,46,20700.0,647953.81,952200.0
C085,2019-03-10,West,Office Supplies,25,50.0,827.69,1250.0
C106,2019-03-12,North,Electronics,17,6000.0,52620.9,102000.0
C178,2019-03-31,South,Furniture,29,5400.0,94196.5,156600.0
C127,2019-04-02,North,Furniture,8,6500.0,42944.38,52000.0
C074,2019-04-02,West,Furniture,15,8800.0,84102.27,132000.0
C170,2019-04-02,South,Office Supplies,27,250.0,4666.58,6750.0
C103,2019-04-04,West,Clothing,46,2100.0,66287.65,96600.0
C195,2019-04-06,North,Office Supplies,7,50.0,247.33,350.0
C141,2019-04-06,North,Electronics,3,8300.0,12984.5,24900.0
C010,2019-04-08,West,Office Supplies,29,250.0,4544.02,7250.0
C117,2019-04-13,East,Electronics,44,7900.0,261775.79,347600.0
C023,2019-04-16,East,Office Supplies,24,200.0,2736.94,4800.0
C081,2019-04-18,North,Clothing,3,800.0,1371.01,2400.0
C065,2019-04-22,North,Electronics,20,13800.0,138974.75,276000.0
C083,2019-04-26,East,Furniture,46,4300.0,129186.87,197800.0
C030,2019-04-27,East,Furniture,15,7600.0,92221.1,114000.0
C198,2019-05-12,West,Office Supplies,25,200.0,2590.83,5000.0
C104,2019-05-15,West,Furniture,30,8900.0,151360.04,267000.0
C132,2019-05-17,East,Electronics,14,19100.0,162720.81,267400.0
C001,2019-05-19,West,Furniture,7,7900.0,41812.53,55300.0
C169,2019-06-02,West,Clothing,17,1300.0,16005.32,22100.0
C139,2019-06-09,South,Clothing,44,2100.0,59651.63,92400.0
C119,2019-06-10,West,Office Supplies,20,400.0,6125.39,8000.0
C106,2019-06-21,North,Electronics,36,4500.0,115566.08,162000.0
C014,2019-06-23,West,Clothing,9,2200.0,16109.56,19800.0
C049,2019-06-24,West,Clothing,38,1300.0,38843.68,49400.0
C133,2019-06-25,East,Electronics,48,11500.0,324843.59,552000.0
C093,2019-06-26,North,Furniture,22,10500.0,137445.81,231000.0
C160,2019-07-01,West,Furniture,2,3300.0,3589.57,6600.0
C194,2019-07-02,West,Office Supplies,24,400.0,5932.2,9600.0
C128,2019-07-07,South,Furniture,8,9900.0,67307.36,79200.0
C161,2019-07-08,West,Electronics,11,19100.0,134886.91,210100.0
C114,2019-07-12,West,Clothing,13,1100.0,8253.54,14300.0
C195,2019-07-15,South,Furniture,17,8900.0,116027.28,151300.0
C014,2019-07-22,East,Office Supplies,8,450.0,2483.51,3600.0
C053,2019-07-23,West,Furniture,21,6400.0,74237.25,134400.0
C069,2019-07-23,South,Electronics,18,23700.0,270140.78,426600.0
C141,2019-07-26,North,Office Supplies,30,400.0,7740.77,12000.0
C034,2019-07-28,East,Furniture,18,12600.0,173239.0,226800.0
C074,2019-07-31,North,Office Supplies,46,200.0,4666.56,9200.0
C113,2019-08-11,North,Electronics,47,25900.0,723267.17,1217300.0
C179,2019-08-14,South,Clothing,31,1200.0,25339.1,37200.0
C125,2019-08-16,West,Electronics,38,3000.0,67726.99,114000.0
C032,2019-08-25,South,Electronics,32,20500.0,472288.46,656000.0
C008,2019-08-27,South,Electronics,11,18700.0,137542.05,205700.0
C162,2019-08-31,South,Electronics,45,1600.0,45115.1,72000.0
C156,2019-09-13,South,Clothing,25,700.0,14563.9,17500.0
C062,2019-09-14,East,Clothing,33,1600.0,38082.31,52800.0
C182,2019-09-15,West,Office Supplies,38,100.0,2072.82,3800.0
C041,2019-09-17,North,Furniture,41,13900.0,396668.69,569900.0
C080,2019-09-19,North,Clothing,8,1500.0,9279.07,12000.0
C142,2019-09-25,West,Clothing,11,600.0,4936.61,6600.0
C004,2019-09-25,North,Furniture,22,7700.0,94903.17,169400.0
C142,2019-09-26,West,Clothing,24,2200.0,44370.32,52800.0
C105,2019-09-28,North,Electronics,41,9100.0,245158.33,373100.0
C024,2019-09-29,South,Electronics,17,7800.0,73680.35,132600.0
C058,2019-09-30,North,Furniture,12,10600.0,71622.31,127200.0
C030,2019-10-01,West,Office Supplies,46,250.0,6145.4,11500.0
C119,2019-10-01,West,Office Supplies,32,400.0,9999.76,12800.0
C031,2019-10-08,West,Furniture,15,6800.0,55356.49,102000.0
C166,2019-10-14,West,Furniture,16,13400.0,116589.4,214400.0
C040,2019-10-18,West,Electronics,22,17000.0,298326.73,374000.0
C128,2019-10-21,East,Office Supplies,28,100.0,1737.71,2800.0
C184,2019-10-22,East,Clothing,20,2200.0,22475.21,44000.0
C075,2019-10-27,North,Electronics,33,20500.0,350537.51,676500.0
C131,2019-10-27,West,Furniture,10,14600.0,80264.91,146000.0
C181,2019-11-01,North,Office Supplies,40,450.0,10344.38,18000.0
C070,2019-11-02,West,Clothing,32,800.0,18759.71,25600.0
C107,2019-11-15,West,Clothing,33,2300.0,42129.37,75900.0
C124,2019-11-16,East,Electronics,2,29800.0,32279.72,59600.0
C121,2019-11-21,East,Office Supplies,33,50.0,1266.63,1650.0
C063,2019-11-22,South,Office Supplies,33,400.0,9700.28,13200.0
C117,2019-11-23,East,Furniture,41,8000.0,213975.22,328000.0
C142,2019-11-30,South,Office Supplies,13,100.0,899.94,1300.0
C038,2019-11-30,South,Office Supplies,30,450.0,8224.12,13500.0
C099,2019-12-07,South,Electronics,33,9500.0,209692.36,313500.0
C049,2019-12-15,South,Office Supplies,13,50.0,440.27,650.0
C154,2019-12-15,South,Clothing,26,1800.0,29742.95,46800.0
C131,2019-12-17,North,Electronics,22,10700.0,192392.48,235400.0
C192,2019-12-18,East,Electronics,39,20700.0,408188.36,807300.0
C035,2019-12-21,South,Furniture,2,11700.0,18105.98,23400.0
C018,2020-01-01,West,Office Supplies,38,50.0,1032.71,1900.0
C071,2020-01-12,East,Furniture,39,9300.0,282594.65,362700.0
C198,2020-01-14,East,Clothing,26,2200.0,40930.56,57200.0
C107,2020-01-18,South,Electronics,46,1400.0,51207.49,64400.0
C088,2020-01-24,North,Electronics,15,1100.0,8813.15,16500.0
C130,2020-02-01,South,Electronics,34,3100.0,73320.8,105400.0
C069,2020-02-02,North,Clothing,42,1700.0,48222.19,71400.0
C001,2020-02-07,West,Clothing,44,300.0,9862.61,13200.0
C073,2020-02-09,East,Furniture,49,9300.0,313066.67,455700.0
C186,2020-02-13,West,Furniture,40,11700.0,322572.32,468000.0
C077,2020-02-16,North,Furniture,11,13100.0,93716.67,144100.0
C151,2020-02-21,North,Office Supplies,3,150.0,273.64,450.0
C149,2020-02-23,West,Electronics,6,13400.0,53770.92,80400.0
C169,2020-02-25,North,Electronics,9,17600.0,85769.22,158400.0
C126,2020-02-29,West,Furniture,6,10500.0,52701.37,63000.0
C039,2020-03-06,East,Electronics,9,8500.0,57378.35,76500.0
C115,2020-03-08,West,Furniture,39,10700.0,347762.58,417300.0
C138,2020-03-09,East,Office Supplies,31,400.0,7184.0,12400.0
C124,2020-03-17,West,Office Supplies,32,300.0,7754.59,9600.0
C089,2020-03-18,North,Clothing,41,1100.0,35316.75,45100.0
C086,2020-03-19,West,Office Supplies,12,150.0,1326.61,1800.0
C142,2020-03-23,North,Furniture,8,8200.0,47150.67,65600.0
C196,2020-03-27,West,Office Supplies,8,50.0,244.32,400.0
C140,2020-03-29,West,Clothing,28,800.0,17600.66,22400.0
C097,2020-04-01,South,Electronics,20,28600.0,386403.4,572000.0
C117,2020-04-11,North,Furniture,47,3900.0,96198.05,183300.0
C083,2020-04-20,South,Electronics,7,16300.0,69544.19,114100.0
C049,2020-04-21,North,Clothing,11,500.0,4550.45,5500.0
C179,2020-04-22,South,Clothing,20,1500.0,23932.14,30000.0
C062,2020-04-28,East,Clothing,16,2100.0,28347.21,33600.0
C147,2020-04-30,West,Electronics,4,22300.0,64205.95,89200.0
C099,2020-04-30,North,Electronics,6,15200.0,53500.52,91200.0
C060,2020-05-06,North,Electronics,22,24100.0,295313.59,530200.0
C199,2020-05-07,West,Electronics,26,22200.0,326360.46,577200.0
C106,2020-05-25,North,Clothing,3,1600.0,2433.26,4800.0
C012,2020-06-07,North,Clothing,41,2300.0,60044.46,94300.0
C082,2020-06-11,South,Furniture,42,13500.0,321488.82,567000.0
C191,2020-06-12,North,Furniture,14,11100.0,100089.94,155400.0
C122,2020-06-12,East,Electronics,11,27900.0,253882.43,306900.0
C181,2020-06-13,East,Office Supplies,18,450.0,5270.58,8100.0
C098,2020-06-16,West,Office Supplies,12,400.0,3875.01,4800.0
C099,2020-06-22,North,Clothing,23,1800.0,29473.76,41400.0
C170,2020-06-24,West,Clothing,12,300.0,2111.39,3600.0
C167,2020-06-24,East,Clothing,13,400.0,3247.66,5200.0
C039,2020-07-14,North,Furniture,25,6300.0,83376.06,157500.0
C127,2020-07-17,North,Furniture,45,11600.0,321923.62,522000.0
C010,2020-08-06,West,Clothing,19,1100.0,15406.21,20900.0
C033,2020-08-12,East,Clothing,46,2100.0,50738.08,96600.0
C129,2020-08-21,North,Clothing,36,400.0,8235.22,14400.0
C152,2020-08-29,West,Office Supplies,45,300.0,8552.31,13500.0
C085,2020-08-31,East,Furniture,8,4200.0,28348.9,33600.0
C026,2020-09-01,West,Office Supplies,29,450.0,10109.86,13050.0
C113,2020-09-03,South,Office Supplies,32,100.0,2421.51,3200.0
C026,2020-09-08,North,Clothing,44,1200.0,28547.21,52800.0
C135,2020-09-10,South,Clothing,18,2000.0,27840.55,36000.0
C117,2020-09-10,East,Electronics,6,20600.0,95770.73,123600.0
C004,2020-09-11,South,Electronics,18,27600.0,352919.74,496800.0
C185,2020-09-17,South,Office Supplies,19,400.0,6434.36,7600.0
C037,2020-09-18,East,Furniture,22,3100.0,41863.81,68200.0
C105,2020-09-24,West,Clothing,37,1100.0,33758.43,40700.0
C168,2020-09-25,South,Clothing,32,900.0,23620.49,28800.0
C040,2020-10-06,West,Office Supplies,41,400.0,8265.9,16400.0
C020,2020-10-12,South,Electronics,3,17300.0,34126.37,51900.0
C121,2020-10-20,West,Furniture,28,10400.0,245186.46,291200.0
C068,2020-10-22,East,Electronics,10,8100.0,43423.49,81000.0
C087,2020-10-30,South,Electronics,35,6400.0,154946.32,224000.0
C160,2020-11-05,East,Electronics,29,5600.0,136843.94,162400.0
C178,2020-11-11,South,Electronics,15,24700.0,257283.87,370500.0
C102,2020-12-01,East,Clothing,33,900.0,16823.13,29700.0
C167,2020-12-06,East,Clothing,7,1900.0,9360.06,13300.0
C021,2020-12-07,South,Electronics,12,5100.0,34979.12,61200.0
C085,2020-12-12,South,Furniture,49,7900.0,263962.13,387100.0
C173,2020-12-15,South,Office Supplies,30,200.0,3155.49,6000.0
C137,2020-12-15,North,Furniture,21,3100.0,46345.92,65100.0
C098,2020-12-21,West,Furniture,31,14900.0,314496.85,461900.0
C082,2020-12-27,North,Furniture,24,2600.0,47365.12,62400.0
C161,2020-12-27,North,Electronics,20,26800.0,386319.41,536000.0
C184,2021-01-05,East,Clothing,37,1900.0,48673.06,70300.0
C195,2021-01-05,South,Furniture,4,12600.0,37367.7,50400.0
C125,2021-01-05,West,Electronics,28,4900.0,75512.09,137200.0
C139,2021-01-08,East,Furniture,44,14800.0,461294.37,651200.0
C010,2021-01-11,North,Furniture,20,2700.0,30252.89,54000.0
C159,2021-01-13,South,Electronics,24,11000.0,217518.25,264000.0
C018,2021-01-14,East,Clothing,49,1700.0,43642.28,83300.0
C061,2021-01-16,South,Clothing,32,1200.0,24984.24,38400.0
C162,2021-01-17,East,Office Supplies,41,250.0,7621.17,10250.0
C176,2021-01-17,South,Electronics,36,26900.0,639442.05,968400.0
C074,2021-01-18,North,Office Supplies,34,300.0,5428.78,10200.0
C059,2021-01-21,West,Office Supplies,36,300.0,7491.77,10800.0
C192,2021-01-23,North,Office Supplies,2,150.0,217.37,300.0
C024,2021-01-29,West,Clothing,15,1000.0,11194.91,15000.0
C112,2021-01-31,South,Electronics,34,2100.0,45027.76,71400.0
C026,2021-02-03,East,Office Supplies,36,350.0,8785.74,12600.0
C195,2021-02-10,North,Electronics,6,2500.0,9866.1,15000.0
C163,2021-02-11,West,Electronics,39,13800.0,395695.2,538200.0
C181,2021-02-12,North,Clothing,42,1400.0,41409.6,58800.0
C026,2021-02-14,West,Office Supplies,12,350.0,2872.86,4200.0
C114,2021-02-22,North,Office Supplies,3,250.0,440.5,750.0
C043,2021-02-22,West,Electronics,45,3000.0,67595.37,135000.0
C178,2021-03-01,West,Furniture,18,3200.0,32309.49,57600.0
C077,2021-03-04,South,Clothing,40,300.0,6491.68,12000.0
C008,2021-03-09,West,Clothing,21,500.0,6900.39,10500.0
C012,2021-03-11,South,Clothing,15,700.0,7500.05,10500.0
C084,2021-03-13,West,Clothing,33,2400.0,45506.72,79200.0
C015,2021-03-16,East,Office Supplies,35,250.0,7250.86,8750.0
C076,2021-03-16,East,Office Supplies,26,450.0,5877.36,11700.0
C092,2021-03-18,East,Furniture,8,11600.0,71484.34,92800.0
C096,2021-03-20,West,Clothing,36,500.0,12938.79,18000.0
C111,2021-03-21,South,Clothing,48,2100.0,63579.01,100800.0
C038,2021-03-26,South,Electronics,30,16300.0,253141.18,489000.0
C063,2021-03-31,West,Office Supplies,23,250.0,4137.82,5750.0
C136,2021-04-02,East,Clothing,42,400.0,10667.41,16800.0
C106,2021-04-08,East,Furniture,44,2800.0,101971.84,123200.0
C145,2021-04-12,South,Furniture,14,13500.0,130352.64,189000.0
C175,2021-04-16,East,Office Supplies,14,300.0,3481.29,4200.0
C047,2021-04-17,North,Furniture,2,7900.0,9119.27,15800.0
C044,2021-04-18,South,Furniture,37,14000.0,390574.11,518000.0
C045,2021-04-25,East,Office Supplies,5,100.0,358.02,500.0
C021,2021-04-30,South,Clothing,38,1600.0,46134.61,60800.0
C157,2021-05-04,North,Clothing,45,1300.0,33645.32,58500.0
C098,2021-05-12,South,Furniture,41,12700.0,381541.93,520700.0
C159,2021-05-12,South,Furniture,47,9500.0,301081.26,446500.0
C175,2021-05-20,South,Clothing,14,1700.0,18087.73,23800.0
C062,2021-05-22,South,Office Supplies,39,250.0,5991.04,9750.0
C128,2021-05-27,North,Furniture,25,5300.0,107526.39,132500.0
C150,2021-06-15,West,Electronics,20,5000.0,52950.55,100000.0
C037,2021-06-16,South,Office Supplies,2,150.0,234.75,300.0
C060,2021-06-18,South,Furniture,39,10100.0,315695.83,393900.0
C119,2021-06-19,East,Furniture,6,7700.0,36314.97,46200.0
C164,2021-06-22,South,Electronics,17,8400.0,97026.07,142800.0
C066,2021-06-29,East,Electronics,25,28800.0,470473.01,720000.0
C118,2021-06-30,West,Clothing,28,1700.0,40397.73,47600.0
C066,2021-07-03,North,Office Supplies,2,300.0,348.13,600.0
C171,2021-07-06,North,Office Supplies,35,50.0,1209.96,1750.0
C003,2021-07-13,West,Clothing,37,600.0,16311.15,22200.0
C120,2021-07-18,North,Office Supplies,5,150.0,558.98,750.0
C074,2021-07-18,West,Office Supplies,1,50.0,28.57,50.0
C174,2021-07-20,West,Office Supplies,40,200.0,5831.18,8000.0
C140,2021-07-20,West,Office Supplies,12,100.0,943.72,1200.0
C041,2021-07-22,North,Office Supplies,36,100.0,1863.02,3600.0
C019,2021-08-06,East,Electronics,45,25700.0,947211.03,1156500.0
C114,2021-08-07,West,Office Supplies,23,350.0,4108.13,8050.0
C089,2021-08-10,South,Electronics,47,21000.0,616470.19,987000.0
C151,2021-08-15,North,Office Supplies,31,200.0,3134.31,6200.0
C077,2021-08-21,West,Clothing,11,200.0,1159.4,2200.0
C164,2021-09-01,West,Furniture,10,10600.0,86804.34,106000.0
C109,2021-09-03,South,Electronics,3,13700.0,25654.67,41100.0
C177,2021-09-04,East,Office Supplies,14,150.0,1362.21,2100.0
C065,2021-09-06,East,Clothing,16,500.0,4602.96,8000.0
C117,2021-09-08,East,Furniture,10,6600.0,46792.91,66000.0
C078,2021-09-09,West,Electronics,29,15200.0,312166.24,440800.0
C051,2021-09-19,West,Furniture,10,4000.0,25210.81,40000.0
C099,2021-10-01,West,Clothing,12,400.0,2959.5,4800.0
C124,2021-10-06,North,Electronics,30,12600.0,306080.78,378000.0
C028,2021-10-08,South,Furniture,41,6500.0,169000.84,266500.0
C061,2021-10-13,West,Office Supplies,1,200.0,134.55,200.0
C098,2021-10-19,South,Electronics,5,15100.0,45236.33,75500.0
C147,2021-10-20,South,Furniture,20,5800.0,89942.84,116000.0
C092,2021-10-20,East,Clothing,8,1000.0,5112.85,8000.0
C148,2021-10-30,North,Clothing,43,400.0,11691.94,17200.0
C076,2021-10-31,West,Electronics,12,26100.0,184373.01,313200.0
C180,2021-11-08,East,Furniture,1,9600.0,8118.54,9600.0
C076,2021-11-10,East,Electronics,20,21600.0,260074.16,432000.0
C006,2021-11-14,West,Electronics,28,21900.0,472016.76,613200.0
C169,2021-11-26,South,Furniture,43,13400.0,374313.05,576200.0
C102,2021-12-08,East,Furniture,37,11000.0,232875.67,407000.0
C071,2021-12-11,South,Office Supplies,47,100.0,3665.54,4700.0
C003,2021-12-11,North,Furniture,37,13900.0,317200.89,514300.0
C145,2021-12-17,South,Clothing,12,1500.0,14450.72,18000.0
C176,2021-12-19,North,Electronics,37,4700.0,142657.13,173900.0
C200,2021-12-23,South,Electronics,49,15100.0,592614.28,739900.0
C191,2021-12-27,East,Clothing,49,500.0,12550.19,24500.0
C013,2022-01-05,East,Furniture,44,9100.0,310542.5,400400.0
C156,2022-01-11,North,Clothing,28,400.0,7212.45,11200.0
C191,2022-01-14,West,Clothing,47,2000.0,75745.48,94000.0
C128,2022-01-18,North,Office Supplies,15,200.0,2169.85,3000.0
C074,2022-01-23,North,Clothing,6,1800.0,8551.17,10800.0
C199,2022-01-28,South,Electronics,44,29000.0,861046.23,1276000.0
C059,2022-02-05,South,Clothing,20,900.0,12370.66,18000.0
C156,2022-02-10,North,Electronics,14,27900.0,215039.23,390600.0
C091,2022-02-11,East,Electronics,2,16300.0,25245.3,32600.0
C057,2022-02-13,South,Electronics,9,11100.0,64613.96,99900.0
C163,2022-02-16,West,Furniture,37,10200.0,254755.58,377400.0
C049,2022-02-22,South,Office Supplies,20,150.0,2324.35,3000.0
C159,2022-02-24,South,Electronics,26,28400.0,523965.61,738400.0
C065,2022-03-02,West,Electronics,29,21000.0,347364.19,609000.0
C174,2022-03-04,North,Furniture,1,4700.0,3320.93,4700.0
C194,2022-03-06,West,Electronics,35,18200.0,409381.75,637000.0
C185,2022-03-10,North,Clothing,6,800.0,3188.8,4800.0
C197,2022-03-12,North,Clothing,37,1500.0,28299.95,55500.0
C169,2022-03-17,North,Office Supplies,5,450.0,1290.4,2250.0
C175,2022-03-18,West,Electronics,33,26000.0,513395.74,858000.0
C036,2022-03-28,North,Furniture,49,14300.0,525199.88,700700.0
C161,2022-03-31,East,Clothing,14,2400.0,16935.15,33600.0
C025,2022-04-08,West,Furniture,12,14000.0,108036.1,168000.0
C161,2022-04-15,East,Furniture,42,3800.0,131416.14,159600.0
C166,2022-04-15,North,Clothing,20,1600.0,17253.06,32000.0
C011,2022-04-25,South,Furniture,24,13900.0,227097.71,333600.0
C080,2022-04-30,North,Clothing,43,700.0,23336.01,30100.0
C113,2022-05-02,East,Furniture,34,8000.0,225728.98,272000.0
C009,2022-05-05,East,Clothing,25,500.0,9517.15,12500.0
C149,2022-05-08,West,Electronics,29,29500.0,643505.34,855500.0
C094,2022-05-11,South,Office Supplies,39,450.0,13851.7,17550.0
C188,2022-05-16,West,Clothing,31,200.0,4068.26,6200.0
C034,2022-05-22,East,Clothing,47,2100.0,77187.9,98700.0
C024,2022-05-23,North,Office Supplies,43,450.0,9728.94,19350.0
C076,2022-05-26,South,Clothing,23,1500.0,28414.07,34500.0
C084,2022-05-27,North,Clothing,44,1200.0,34592.3,52800.0
C192,2022-06-01,North,Furniture,38,7200.0,189791.69,273600.0
C107,2022-06-04,South,Office Supplies,20,150.0,1767.63,3000.0
C045,2022-06-08,West,Electronics,23,23100.0,403727.32,531300.0
C052,2022-06-10,North,Clothing,45,1000.0,23707.01,45000.0
C034,2022-06-10,East,Office Supplies,16,200.0,2577.35,3200.0
C139,2022-06-12,North,Furniture,42,8700.0,288607.86,365400.0
C094,2022-06-13,South,Electronics,8,27300.0,125715.64,218400.0
C136,2022-06-16,South,Office Supplies,21,100.0,1644.85,2100.0
C129,2022-06-24,South,Electronics,1,13400.0,10388.02,13400.0
C070,2022-06-24,West,Electronics,8,11900.0,68665.46,95200.0
C043,2022-06-27,North,Electronics,29,9500.0,173766.68,275500.0
C066,2022-06-28,West,Clothing,32,1000.0,19040.79,32000.0
C124,2022-07-02,West,Clothing,38,2400.0,52998.53,91200.0
C076,2022-07-03,South,Furniture,5,3500.0,10701.48,17500.0
C192,2022-07-06,South,Furniture,47,8100.0,310744.64,380700.0
C087,2022-07-06,West,Office Supplies,22,50.0,579.89,1100.0
C030,2022-07-08,North,Furniture,47,3100.0,115118.29,145700.0
C120,2022-07-09,East,Electronics,34,4400.0,93067.88,149600.0
C020,2022-07-14,West,Electronics,1,27600.0,18838.65,27600.0
C037,2022-07-14,North,Clothing,26,1500.0,30344.73,39000.0
C194,2022-07-18,South,Electronics,43,5900.0,205378.22,253700.0
C058,2022-07-21,South,Office Supplies,10,250.0,1551.68,2500.0
C174,2022-07-28,North,Electronics,30,26400.0,524023.01,792000.0
C186,2022-07-30,East,Electronics,18,15800.0,183460.93,284400.0
C173,2022-08-03,South,Office Supplies,17,250.0,2144.71,4250.0
C102,2022-08-06,South,Furniture,26,6700.0,105143.64,174200.0
C143,2022-08-13,South,Furniture,8,3900.0,20614.35,31200.0
C094,2022-08-15,North,Office Supplies,47,250.0,7565.62,11750.0
C024,2022-08-18,West,Clothing,40,400.0,12042.8,16000.0
C102,2022-08-19,South,Electronics,49,18100.0,562898.81,886900.0
C004,2022-08-24,West,Office Supplies,12,50.0,402.77,600.0
C068,2022-08-25,East,Electronics,27,21000.0,368755.83,567000.0
C138,2022-08-31,South,Clothing,8,1000.0,6073.75,8000.0
C032,2022-09-05,South,Electronics,25,4400.0,88224.44,110000.0
C117,2022-09-14,East,Office Supplies,46,50.0,1578.17,2300.0
C095,2022-09-16,South,Electronics,4,22500.0,69867.11,90000.0
C173,2022-09-17,West,Furniture,33,8400.0,167394.24,277200.0
C192,2022-09-19,North,Clothing,1,900.0,620.53,900.0
C173,2022-09-26,West,Clothing,19,1400.0,16514.09,26600.0
C068,2022-10-01,North,Clothing,31,2400.0,47985.79,74400.0
C150,2022-10-13,North,Office Supplies,16,400.0,4840.61,6400.0
C098,2022-10-19,West,Clothing,14,1300.0,14716.19,18200.0
C164,2022-10-21,West,Furniture,48,9500.0,247390.66,456000.0
C096,2022-10-23,West,Office Supplies,5,450.0,1624.78,2250.0
C028,2022-10-24,West,Furniture,41,4500.0,129841.94,184500.0
C173,2022-10-26,East,Electronics,26,10200.0,143591.28,265200.0
C060,2022-10-30,South,Electronics,28,24100.0,387445.2,674800.0
C121,2022-11-12,North,Electronics,2,3000.0,3653.11,6000.0
C007,2022-11-12,West,Electronics,6,4700.0,15747.61,28200.0
C159,2022-11-14,West,Furniture,9,3900.0,20544.22,35100.0
C144,2022-11-21,West,Office Supplies,33,450.0,8815.86,14850.0
C084,2022-11-25,East,Office Supplies,41,150.0,3797.54,6150.0
C157,2022-11-30,West,Clothing,25,500.0,9528.58,12500.0
C057,2022-12-03,West,Furniture,48,7400.0,248700.13,355200.0
C166,2022-12-09,West,Electronics,13,3700.0,40653.46,48100.0
C017,2022-12-13,South,Furniture,9,2300.0,13354.76,20700.0
C163,2022-12-30,East,Clothing,13,2300.0,22839.2,29900.0
C119,2023-01-01,West,Clothing,31,1300.0,32442.06,40300.0
C180,2023-01-11,North,Furniture,41,8600.0,260092.74,352600.0
C078,2023-01-12,North,Furniture,11,10500.0,74399.63,115500.0
C167,2023-01-18,North,Furniture,4,11000.0,33605.36,44000.0
C105,2023-01-19,East,Office Supplies,34,350.0,6798.27,11900.0
C030,2023-01-21,East,Electronics,38,26600.0,621281.4,1010800.0
C036,2023-01-21,North,Furniture,46,9100.0,289394.86,418600.0
C012,2023-01-25,West,Furniture,4,10600.0,29739.08,42400.0
C010,2023-01-25,East,Furniture,38,2500.0,48236.2,95000.0
C078,2023-01-26,North,Clothing,19,2300.0,36305.52,43700.0
C127,2023-01-27,North,Clothing,6,1900.0,8479.54,11400.0
C030,2023-01-31,West,Office Supplies,34,50.0,1144.94,1700.0
C025,2023-02-05,South,Electronics,18,7000.0,104150.91,126000.0
C061,2023-02-10,East,Office Supplies,13,300.0,2549.37,3900.0
C138,2023-02-14,West,Electronics,41,22700.0,784721.98,930700.0
C035,2023-03-02,North,Clothing,23,900.0,14061.5,20700.0
C100,2023-03-04,North,Clothing,19,2000.0,20520.0,38000.0
C117,2023-03-06,West,Clothing,45,1100.0,38000.18,49500.0
C095,2023-03-06,East,Office Supplies,11,50.0,405.69,550.0
C172,2023-03-08,South,Furniture,1,11200.0,8630.11,11200.0
C191,2023-03-09,South,Furniture,24,12800.0,255899.05,307200.0
C179,2023-03-12,North,Clothing,7,1800.0,9724.32,12600.0
C139,2023-03-17,East,Furniture,25,11800.0,210620.5,295000.0
C108,2023-03-29,South,Furniture,21,5400.0,90726.59,113400.0
C151,2023-03-30,East,Office Supplies,15,200.0,2206.91,3000.0
C191,2023-04-02,East,Electronics,1,18600.0,11956.86,18600.0
C187,2023-04-03,North,Clothing,12,1400.0,13607.44,16800.0
C040,2023-04-05,South,Clothing,7,700.0,2830.56,4900.0
C107,2023-04-05,West,Office Supplies,15,50.0,562.59,750.0
C168,2023-04-07,North,Office Supplies,21,50.0,848.97,1050.0
C026,2023-04-22,South,Furniture,19,6200.0,89052.18,117800.0
C126,2023-04-25,South,Clothing,29,2100.0,45312.43,60900.0
C158,2023-04-26,South,Electronics,25,9900.0,188947.29,247500.0
C105,2023-04-28,South,Office Supplies,33,350.0,7654.99,11550.0
C072,2023-04-29,South,Electronics,49,25400.0,1003097.49,1244600.0
C009,2023-05-05,East,Electronics,32,20100.0,367397.62,643200.0
C177,2023-05-10,North,Clothing,49,1100.0,29353.14,53900.0
C095,2023-05-18,East,Clothing,35,1200.0,25196.98,42000.0
C056,2023-05-20,West,Office Supplies,44,300.0,9055.89,13200.0
C114,2023-05-22,South,Clothing,38,1000.0,25790.47,38000.0
C114,2023-05-23,North,Clothing,26,1000.0,20467.45,26000.0
C061,2023-05-28,South,Clothing,11,600.0,4234.55,6600.0
C093,2023-06-03,North,Electronics,35,5000.0,117166.1,175000.0
C026,2023-06-03,East,Office Supplies,8,50.0,201.87,400.0
C176,2023-06-04,North,Furniture,46,10700.0,316685.78,492200.0
C095,2023-06-07,West,Electronics,14,28600.0,290979.08,400400.0
C140,2023-06-07,West,Clothing,10,2000.0,10108.56,20000.0
C166,2023-06-14,North,Electronics,2,6800.0,8137.0,13600.0
C092,2023-06-14,North,Clothing,46,800.0,21078.48,36800.0
C016,2023-06-21,North,Clothing,9,2400.0,11117.41,21600.0
C102,2023-06-21,North,Electronics,3,5000.0,10016.12,15000.0
C071,2023-06-23,West,Office Supplies,21,350.0,4142.48,7350.0
C049,2023-07-06,South,Clothing,26,1400.0,27666.86,36400.0
C032,2023-07-13,North,Office Supplies,8,150.0,956.13,1200.0
C117,2023-07-18,North,Furniture,48,9600.0,318391.98,460800.0
C024,2023-07-21,West,Clothing,2,1500.0,2530.79,3000.0
C170,2023-07-25,West,Office Supplies,6,50.0,197.3,300.0
C055,2023-08-02,East,Office Supplies,28,400.0,7612.4,11200.0
C165,2023-08-03,North,Furniture,29,12700.0,311665.11,368300.0
C164,2023-08-03,East,Office Supplies,26,150.0,2266.06,3900.0
C153,2023-08-14,West,Office Supplies,25,400.0,8298.91,10000.0
C006,2023-08-14,West,Furniture,12,12800.0,79102.95,153600.0
C013,2023-08-15,South,Clothing,5,1300.0,4265.53,6500.0
C086,2023-08-20,North,Office Supplies,34,50.0,891.65,1700.0
C063,2023-08-21,East,Office Supplies,48,350.0,12687.9,16800.0
C033,2023-08-25,West,Office Supplies,37,250.0,6594.72,9250.0
C145,2023-09-02,West,Electronics,15,1700.0,19056.71,25500.0
C053,2023-09-03,East,Furniture,44,11000.0,305436.98,484000.0
C018,2023-09-14,South,Electronics,36,18300.0,414595.14,658800.0
C196,2023-09-21,West,Furniture,15,10600.0,82022.02,159000.0
C142,2023-09-24,North,Clothing,43,1400.0,37473.34,60200.0
C054,2023-09-25,West,Clothing,48,1600.0,63379.27,76800.0
C151,2023-10-01,North,Office Supplies,23,350.0,5093.47,8050.0
C056,2023-10-10,East,Furniture,6,10300.0,48882.48,61800.0
C060,2023-10-14,North,Clothing,46,1900.0,69466.74,87400.0
C085,2023-10-17,East,Furniture,44,8700.0,241406.85,382800.0
C199,2023-10-19,North,Clothing,43,200.0,6202.29,8600.0
C038,2023-10-21,East,Electronics,45,13600.0,326428.6,612000.0
C153,2023-10-24,North,Clothing,21,500.0,5631.02,10500.0
C001,2023-10-27,South,Electronics,23,9100.0,108214.42,209300.0
C071,2023-10-31,North,Clothing,43,600.0,18146.57,25800.0
C038,2023-11-19,North,Office Supplies,16,150.0,1557.9,2400.0
C034,2023-11-26,South,Electronics,47,24800.0,806375.28,1165600.0
C139,2023-12-02,West,Clothing,15,900.0,9212.07,13500.0
C065,2023-12-05,West,Office Supplies,25,200.0,3112.86,5000.0
C045,2023-12-05,North,Electronics,36,12200.0,323741.21,439200.0
C029,2023-12-14,South,Office Supplies,11,50.0,421.01,550.0
C170,2023-12-21,North,Furniture,15,9500.0,71979.58,142500.0
C007,2023-12-21,East,Furniture,4,14100.0,32290.96,56400.0
C034,2023-12-24,East,Electronics,21,25200.0,396705.55,529200.0
C004,2023-12-27,North,Clothing,13,1600.0,13214.59,20800.0
C092,2023-12-30,West,Electronics,22,5000.0,80505.63,110000.0
C061,2024-01-07,West,Office Supplies,19,350.0,4132.56,6650.0
C151,2024-01-11,North,Clothing,34,300.0,6495.0,10200.0
C083,2024-01-14,North,Furniture,14,4800.0,37332.13,67200.0
C005,2024-01-17,East,Clothing,4,1000.0,2361.52,4000.0
C045,2024-01-17,West,Furniture,48,7000.0,239196.42,336000.0
C068,2024-01-18,North,Clothing,46,1200.0,35968.71,55200.0
C014,2024-01-19,East,Clothing,27,1400.0,29144.02,37800.0
C033,2024-01-19,West,Clothing,29,1100.0,25469.11,31900.0
C190,2024-01-21,South,Office Supplies,47,100.0,3241.01,4700.0
C108,2024-01-23,East,Office Supplies,28,150.0,3214.65,4200.0
C135,2024-01-29,West,Electronics,35,12700.0,269996.67,444500.0
C030,2024-02-03,West,Electronics,8,21000.0,108400.31,168000.0
C191,2024-02-03,East,Furniture,16,14000.0,167881.77,224000.0
C017,2024-02-21,South,Office Supplies,42,350.0,9337.06,14700.0
C122,2024-02-25,East,Furniture,36,4700.0,119451.26,169200.0
C115,2024-02-27,West,Electronics,30,26800.0,454163.9,804000.0
C200,2024-02-29,North,Furniture,18,10300.0,131619.16,185400.0
C093,2024-03-06,North,Electronics,2,16400.0,26290.18,32800.0
C132,2024-03-14,East,Office Supplies,49,250.0,9849.29,12250.0
C152,2024-03-20,West,Clothing,13,300.0,2938.73,3900.0
C028,2024-04-20,North,Office Supplies,4,300.0,913.22,1200.0
C116,2024-04-20,West,Furniture,26,11300.0,204271.68,293800.0
C129,2024-04-25,East,Furniture,25,5900.0,103933.49,147500.0
C057,2024-04-29,North,Office Supplies,30,100.0,1640.33,3000.0
C158,2024-05-04,West,Office Supplies,11,50.0,360.44,550.0
C012,2024-05-07,North,Electronics,7,27700.0,127541.93,193900.0
C187,2024-05-08,East,Furniture,31,8400.0,217557.49,260400.0
C169,2024-05-09,West,Furniture,44,7400.0,211926.66,325600.0
C134,2024-05-11,North,Office Supplies,10,250.0,1730.67,2500.0
C078,2024-05-16,East,Clothing,39,2200.0,58913.54,85800.0
C118,2024-05-17,North,Furniture,13,8100.0,76117.85,105300.0
C165,2024-06-02,North,Clothing,31,1800.0,42512.99,55800.0
C008,2024-06-04,South,Office Supplies,7,450.0,1823.11,3150.0
C016,2024-06-09,South,Office Supplies,49,350.0,11748.67,17150.0
C123,2024-06-14,East,Electronics,42,29300.0,971031.02,1230600.0
C103,2024-06-17,South,Furniture,42,4000.0,111231.15,168000.0
C110,2024-06-27,East,Clothing,36,2300.0,49469.7,82800.0
C176,2024-07-03,South,Electronics,20,11600.0,169162.38,232000.0
C028,2024-07-05,North,Furniture,4,11800.0,37208.64,47200.0
C126,2024-07-06,East,Electronics,7,8200.0,29968.49,57400.0
C183,2024-07-08,East,Office Supplies,1,250.0,192.97,250.0
C114,2024-07-12,North,Furniture,44,14100.0,488612.63,620400.0
C019,2024-07-19,East,Electronics,45,3900.0,116099.05,175500.0
C021,2024-07-24,East,Electronics,42,19700.0,698455.49,827400.0
C083,2024-07-25,South,Clothing,47,1300.0,47373.76,61100.0
C156,2024-07-27,East,Electronics,13,29700.0,297598.89,386100.0
C038,2024-08-04,West,Furniture,22,9800.0,164231.9,215600.0
C017,2024-08-07,North,Furniture,21,6000.0,69641.82,126000.0
C033,2024-08-10,South,Clothing,22,2400.0,30414.43,52800.0
C071,2024-08-17,South,Furniture,28,12300.0,228129.37,344400.0
C160,2024-08-22,West,Office Supplies,9,450.0,2399.23,4050.0
C163,2024-08-25,North,Furniture,26,13700.0,229868.09,356200.0
C150,2024-08-26,North,Furniture,9,11900.0,86854.08,107100.0
C141,2024-08-26,South,Electronics,15,17600.0,208167.8,264000.0
C183,2024-08-28,East,Electronics,10,29900.0,215433.67,299000.0
C084,2024-08-29,South,Furniture,24,2600.0,49941.35,62400.0
C098,2024-08-29,North,Clothing,42,500.0,16260.73,21000.0
C153,2024-08-30,West,Electronics,8,6500.0,33807.53,52000.0
C136,2024-08-30,South,Clothing,24,200.0,2737.79,4800.0
C076,2024-08-31,North,Furniture,16,6600.0,71804.87,105600.0
C117,2024-09-08,South,Furniture,49,3800.0,141080.04,186200.0
C130,2024-09-09,East,Office Supplies,26,100.0,1697.14,2600.0
C155,2024-09-10,South,Electronics,27,13500.0,267313.43,364500.0
C111,2024-09-11,South,Furniture,37,6800.0,134106.47,251600.0
C026,2024-09-11,North,Office Supplies,4,50.0,152.36,200.0
C180,2024-09-19,North,Electronics,24,7300.0,137435.6,175200.0
C030,2024-09-20,North,Furniture,19,8800.0,124964.15,167200.0
C168,2024-09-30,South,Furniture,36,13500.0,407531.54,486000.0
C167,2024-10-05,East,Electronics,39,21300.0,655694.95,830700.0
C197,2024-10-08,West,Electronics,10,4000.0,32643.31,40000.0
C142,2024-10-12,West,Electronics,25,12200.0,252158.71,305000.0
C185,2024-10-13,North,Furniture,18,12800.0,179820.7,230400.0
C056,2024-10-21,North,Furniture,19,8800.0,123057.63,167200.0
C111,2024-10-22,South,Office Supplies,36,400.0,7228.82,14400.0
C116,2024-10-27,West,Clothing,10,400.0,2652.16,4000.0
C059,2024-10-29,North,Electronics,33,8400.0,194014.17,277200.0
C106,2024-11-01,East,Furniture,5,6400.0,19405.14,32000.0
C087,2024-11-05,East,Furniture,47,2300.0,66085.48,108100.0
C117,2024-11-05,North,Electronics,49,16300.0,668037.31,798700.0
C103,2024-11-08,North,Clothing,35,1500.0,42635.19,52500.0
C107,2024-11-10,West,Electronics,44,24300.0,852379.77,1069200.0
C187,2024-11-16,West,Clothing,34,2000.0,43663.08,68000.0
C025,2024-11-17,South,Furniture,33,6900.0,114941.71,227700.0
C081,2024-11-19,West,Clothing,21,700.0,7762.74,14700.0
C110,2024-11-23,East,Office Supplies,17,250.0,2589.39,4250.0
C081,2024-11-26,East,Furniture,22,4900.0,54493.98,107800.0
C171,2024-11-30,North,Office Supplies,48,250.0,6072.03,12000.0
C066,2024-12-02,West,Electronics,37,13100.0,397847.17,484700.0
C096,2024-12-03,South,Electronics,15,13400.0,150178.25,201000.0
C040,2024-12-05,East,Electronics,35,4600.0,97909.67,161000.0
C176,2024-12-05,East,Clothing,28,1100.0,16829.91,30800.0
C122,2024-12-08,South,Furniture,7,14300.0,67975.16,100100.0
C018,2024-12-23,South,Electronics,32,4400.0,70663.46,140800.0
C024,2024-12-25,East,Electronics,11,9600.0,87483.77,105600.0
C022,2024-12-30,East,Furniture,10,3700.0,23871.86,37000.0
C024,2024-12-31,South,Electronics,9,21000.0,121114.46,189000.0
C111,2025-01-01,East,Office Supplies,14,50.0,445.7,700.0
C025,2025-01-02,North,Furniture,13,4800.0,32714.13,62400.0
C191,2025-01-04,North,Furniture,25,9600.0,173619.07,240000.0
C190,2025-01-05,South,Furniture,2,7800.0,11802.2,15600.0
C096,2025-01-22,West,Office Supplies,35,200.0,5156.51,7000.0
C034,2025-01-25,South,Furniture,7,12800.0,49141.34,89600.0
C143,2025-01-25,South,Office Supplies,21,300.0,4426.34,6300.0
C016,2025-01-29,West,Furniture,18,8700.0,109513.44,156600.0
C151,2025-01-30,West,Clothing,3,600.0,1447.1,1800.0
C144,2025-02-01,West,Electronics,42,17400.0,462373.27,730800.0
C144,2025-02-01,North,Clothing,39,1000.0,24570.78,39000.0
C085,2025-02-03,East,Electronics,41,17100.0,502327.26,701100.0
C172,2025-02-08,North,Office Supplies,49,300.0,10607.16,14700.0
C032,2025-02-13,East,Clothing,11,2200.0,16074.85,24200.0
C106,2025-02-14,North,Furniture,39,14200.0,362778.2,553800.0
C091,2025-02-19,East,Electronics,24,5100.0,82369.29,122400.0
C171,2025-02-23,North,Electronics,46,11800.0,434981.39,542800.0
C193,2025-02-25,West,Clothing,19,2000.0,25133.52,38000.0
C109,2025-02-25,South,Office Supplies,4,50.0,165.8,200.0
C185,2025-03-03,North,Clothing,26,2200.0,38690.16,57200.0
C014,2025-03-03,East,Office Supplies,38,250.0,7906.09,9500.0
C074,2025-03-08,West,Office Supplies,42,350.0,11634.92,14700.0
C154,2025-03-27,North,Electronics,32,10100.0,202598.23,323200.0
C080,2025-03-29,North,Clothing,39,400.0,12515.48,15600.0
C091,2025-04-03,West,Clothing,45,1400.0,33926.9,63000.0
C027,2025-04-15,North,Office Supplies,46,100.0,3789.33,4600.0
C148,2025-04-19,South,Clothing,36,1200.0,31150.45,43200.0
C130,2025-04-20,North,Furniture,40,3600.0,74741.29,144000.0
C055,2025-04-23,South,Furniture,37,11800.0,316748.87,436600.0
C040,2025-04-24,South,Clothing,33,1900.0,52729.86,62700.0
C169,2025-04-29,West,Clothing,36,900.0,16991.54,32400.0
C124,2025-05-05,North,Office Supplies,3,300.0,624.73,900.0
C058,2025-05-06,West,Furniture,9,3800.0,26051.1,34200.0
C028,2025-05-09,North,Furniture,8,10400.0,65194.73,83200.0
C090,2025-05-14,North,Electronics,33,1700.0,36175.5,56100.0
C143,2025-05-18,East,Office Supplies,6,250.0,857.19,1500.0
C095,2025-05-19,North,Electronics,41,15400.0,325057.22,631400.0
C030,2025-05-19,West,Furniture,39,12000.0,328959.14,468000.0
C196,2025-05-22,South,Office Supplies,4,200.0,526.82,800.0
C072,2025-05-23,North,Clothing,13,2300.0,24878.61,29900.0
C147,2025-06-01,East,Office Supplies,49,150.0,3830.91,7350.0
C058,2025-06-02,West,Clothing,2,2200.0,3255.51,4400.0
C110,2025-06-02,North,Clothing,5,300.0,763.11,1500.0
C144,2025-06-05,West,Office Supplies,44,300.0,7392.03,13200.0
C197,2025-06-09,East,Clothing,27,1400.0,24900.85,37800.0
C160,2025-06-13,East,Electronics,32,5600.0,118129.6,179200.0
C158,2025-06-18,West,Furniture,21,2400.0,37295.76,50400.0
C173,2025-06-19,North,Clothing,8,1800.0,11787.47,14400.0
C165,2025-06-25,South,Electronics,38,19300.0,530733.16,733400.0
C143,2025-06-28,East,Clothing,8,2100.0,14006.79,16800.0
C007,2025-06-29,North,Furniture,3,6500.0,15767.03,19500.0
C156,2025-07-03,North,Electronics,44,2100.0,65102.72,92400.0
C169,2025-07-12,South,Furniture,3,8900.0,21141.79,26700.0
C178,2025-07-14,East,Furniture,22,3600.0,57412.25,79200.0
C069,2025-07-18,East,Electronics,6,15600.0,49373.55,93600.0
C008,2025-07-18,North,Electronics,2,16300.0,24749.84,32600.0
C047,2025-07-23,North,Electronics,23,11700.0,143488.95,269100.0
C070,2025-07-27,South,Office Supplies,44,200.0,6229.77,8800.0
C180,2025-07-28,South,Electronics,2,7900.0,11785.6,15800.0
C196,2025-07-29,East,Electronics,38,19200.0,381788.49,729600.0
C080,2025-08-06,West,Electronics,17,25900.0,255716.61,440300.0
C087,2025-08-11,East,Electronics,35,23700.0,680592.54,829500.0
C090,2025-08-14,North,Clothing,34,700.0,17033.9,23800.0
C002,2025-08-14,East,Office Supplies,23,50.0,674.13,1150.0
C047,2025-08-22,West,Furniture,30,10100.0,224746.59,303000.0
C037,2025-08-27,South,Electronics,8,10100.0,57276.84,80800.0
C145,2025-09-04,West,Clothing,22,2000.0,29724.27,44000.0
C169,2025-09-10,West,Clothing,44,1600.0,59253.25,70400.0
C103,2025-09-10,West,Clothing,36,1600.0,42578.43,57600.0
C018,2025-09-11,South,Furniture,5,2300.0,7261.15,11500.0
C037,2025-09-25,West,Electronics,13,17200.0,174413.75,223600.0
C190,2025-09-26,West,Office Supplies,29,450.0,10565.33,13050.0
C163,2025-09-28,West,Office Supplies,31,400.0,6743.46,12400.0
C008,2025-10-06,North,Clothing,47,2100.0,56278.1,98700.0
C024,2025-10-10,West,Furniture,16,10000.0,92108.71,160000.0
C192,2025-10-17,South,Furniture,42,10000.0,311608.14,420000.0
C136,2025-10-25,West,Furniture,30,13200.0,281581.28,396000.0
C056,2025-11-04,West,Office Supplies,16,50.0,573.32,800.0
C097,2025-11-11,South,Clothing,12,900.0,8956.12,10800.0
C108,2025-11-13,West,Electronics,17,15600.0,204620.11,265200.0
C117,2025-11-18,South,Office Supplies,16,300.0,2614.93,4800.0
C088,2025-11-21,West,Clothing,12,400.0,2983.81,4800.0
C041,2025-11-24,South,Clothing,8,600.0,3131.46,4800.0
C095,2025-11-26,West,Electronics,20,2200.0,28097.81,44000.0
C080,2025-11-29,West,Electronics,3,19800.0,43614.93,59400.0
C185,2025-12-02,North,Electronics,16,29600.0,384640.2,473600.0
C084,2025-12-12,North,Furniture,30,13300.0,242240.09,399000.0
C199,2025-12-19,West,Electronics,45,3100.0,96695.4,139500.0
C146,2025-12-27,West,Clothing,23,2300.0,41065.92,52900.0
C153,2025-12-31,East,Electronics,28,18000.0,325420.87,504000.0
